Feature,Importance
elbow_angle,0.43510978196366246
symmetry,0.29232002603346624
rep_speed,0.2725701920028714
