Model,Accuracy,Precision,Recall,F1 Score
Decision Tree,0.8,0.8571428571428571,0.75,0.7999999999999999
Random Forest,0.8666666666666667,0.875,0.875,0.875
SVM,0.9333333333333333,0.8888888888888888,1.0,0.9411764705882353
