Feature,Importance
elbow_angle,0.4493149154353786
rep_speed,0.31054014606785313
symmetry,0.24014493849676838
