Model,Accuracy,Precision,Recall,F1 Score
Decision Tree,0.945,0.9494949494949495,0.94,0.9447236180904524
Random Forest,0.955,0.9595959595959596,0.95,0.9547738693467336
SVM,0.955,0.9333333333333333,0.98,0.9560975609756097
