Feature,Importance
hip_angle,0.3544708827360124
back_angle,0.26962113228437423
depth,0.21082899154182197
symmetry,0.13532568821184301
rep_speed,0.02846931110066642
knee_angle,0.0012839941252819455
